frame,Thumb_MCP,Thumb_IP,Index_MCP,Index_PIP,Index_DIP,Middle_MCP,Middle_PIP,Middle_DIP,Ring_MCP,Ring_PIP,Ring_DIP,Pinky_MCP,Pinky_PIP,Pinky_DIP,thumb_index_tip_dist,thumb_middle_tip_dist,thumb_ring_tip_dist,thumb_pinky_tip_dist,thumb_tip_to_palm,index_tip_to_palm,middle_tip_to_palm,ring_tip_to_palm,pinky_tip_to_palm,index_middle_tip_dist,middle_ring_tip_dist,ring_pinky_tip_dist,index_pinky_tip_dist,spread_ratio_index_pinky_vs_index_middle,spread_ratio_thumb_index_vs_thumb_pinky,index_extension,middle_extension,ring_extension,pinky_extension,thumb_extension,angle_thumb_index,angle_index_middle,angle_middle_ring,angle_ring_pinky,angle_index_pinky,pinch_index,pinch_middle,pinch_ring,pinch_pinky,mean_four_finger_extension,time_s
0,38.02949551970346,43.79749633008228,47.20801141281251,51.37756422923445,34.380015609160125,34.16228638327854,63.131252897546275,42.32919249468827,23.98915520329382,48.254037244837406,32.27518548721545,14.960849808648987,20.439822693806775,13.635154323762691,0.4799346536994406,0.45664653308207714,0.518492489097295,0.5601742260056468,0.6910560721931295,1.0228270623748317,0.9364116219670208,1.0465924192213871,0.9939867975754818,0.1538958693677413,0.27997938318996585,0.14538750249795032,0.44541883365334295,2.8942869392168333,0.856759598802046,1.0094661089331989,0.9537617263159704,1.0191921854777628,0.9601399962108286,0.7701620512840242,23.80472210994574,7.460552757711151,14.938941377082687,7.619390516486313,25.46644509552459,0.4799346536994406,0.45664653308207714,0.518492489097295,0.5601742260056468,0.9856400042344402,0.0
1,37.928686803536266,43.957610608305174,47.17880831152095,51.5008193689726,34.46317376057797,34.19113656937438,63.1552614935968,42.345379086435685,23.956524583907054,48.262322572341844,32.28078548991331,15.118474831337949,20.538199738670812,13.700778144467904,0.47951773556990523,0.4551293519877782,0.5143828573657729,0.5555263671770957,0.6898084480642287,1.0222525670223372,0.9370431640329704,1.046379130961776,0.9928587417825596,0.15067433877343067,0.280759694674804,0.14728635279004582,0.44436629776296666,2.949183463411952,0.8631772590287647,1.0083630693725014,0.9534956192184335,1.0191229581721826,0.9598377812881341,0.7699649265993679,23.748034227106963,7.279629153812291,15.005872833069267,7.719241474086614,25.424813885614398,0.47951773556990523,0.4551293519877782,0.5143828573657729,0.5555263671770957,0.9852048570128129,0.03333333333333333
2,37.823027930380675,44.18709407297956,47.11711518064777,51.67772852774152,34.5824910001468,34.1689709860201,62.982014183899565,42.22788371365854,23.88688296416447,47.90953494436303,32.04322281580366,15.74329199902084,20.243253342776995,13.503759168562027,0.48099292685034545,0.4557889949310208,0.5144765071804794,0.5537251856265027,0.6874357289234105,1.0217610777593162,0.9398851473359372,1.049848696319653,0.9941898654457384,0.14791669383322598,0.28234143161460057,0.15016601043673627,0.44660762036336105,3.0193183649285813,0.868649161442138,1.0067776445017331,0.9554161879530932,1.0220468360323192,0.9607394174662527,0.7696979805940826,23.811815916072618,7.207273721440696,15.042588922164377,7.827872148577478,25.55141962893955,0.48099292685034545,0.4557889949310208,0.5144765071804794,0.5537251856265027,0.9862450214883496,0.06666666666666667
3,37.837571816270554,44.14736416718682,47.11669002938385,51.68001376031589,34.58409561767519,34.194499379977714,62.950055700464674,42.206208040462485,23.917898044941722,47.80997151504823,31.97614044683226,15.945919713827749,20.113969508819082,13.41759274840308,0.48109697440877935,0.455979203372203,0.5154277665917135,0.5545960043983331,0.6878677898353165,1.0220783745476303,0.9403361338490497,1.0508922015300892,0.9949121743246259,0.1482466110081653,0.28303637214429556,0.1504750531601635,0.4477752486466042,3.0204752432228528,0.8674728305263949,1.0067568762288341,0.9557690127841535,1.0228670624437108,0.9611301267625474,0.7697508438759314,23.818326030329942,7.232790017985287,15.060734479647083,7.832612909159272,25.607558331528082,0.48109697440877935,0.455979203372203,0.5154277665917135,0.5545960043983331,0.9866307695548114,0.1
4,37.907418840206844,44.00731619742638,47.14621902282323,51.616878077804785,34.541439045308294,34.23499851136128,62.89348965583453,42.16795083262559,23.990651978201953,47.814081847186884,31.97899185419459,16.025102637822897,20.122078190747004,13.422912066734085,0.48115350219786374,0.4568544913997915,0.5169026843041912,0.5562045586345128,0.6892303888525185,1.0227813147727949,0.9408905661541949,1.0508861779870142,0.9947566694200324,0.14914878047789884,0.2824938395889309,0.14976190247474805,0.44777972903883795,3.002235067438853,0.8650657138237823,1.0073236766122708,0.9563951605147332,1.0228335220515554,0.961104687532108,0.7699299139328717,23.835944012422807,7.28567073068663,15.035866323793295,7.786688715204711,25.597816242847557,0.48115350219786374,0.4568544913997915,0.5169026843041912,0.5562045586345128,0.9869142616776668,0.13333333333333333
5,37.93036978146375,43.8271699929027,47.13595558919005,51.719499753345985,34.61068149464637,34.27051826177615,63.090337030794615,42.30131449939941,24.026834719211053,47.969532303854464,32.0836367011363,15.866081317713764,20.45587169467558,13.64586280962564,0.4786499877349926,0.45354969412898305,0.5120861472859732,0.5523097076266236,0.6917056605304479,1.0223510754531056,0.9393017492670833,1.049226939674552,0.9922713944108664,0.14758279220759074,0.2830432238250788,0.15123705665407633,0.44599492781006933,3.0219979641173267,0.8666332900891905,1.0064025452433627,0.9542158513465271,1.0215499422561733,0.9600906080860092,0.7701021988482173,23.750174098526685,7.137617781598297,15.097061039992981,7.873364381223428,25.523737104626786,0.4786499877349926,0.45354969412898305,0.5120861472859732,0.5523097076266236,0.985564736733018,0.16666666666666666
6,37.561637324752496,44.545014898307926,46.88080298078566,52.20743146697009,34.93971285224606,34.07769841203066,62.764959960690746,42.08064806021838,23.886581628123082,47.11968874212627,31.511569252055494,18.24732348270203,19.693413990604682,13.136630901464741,0.4829476392129486,0.45389602577247085,0.5075697948375401,0.5420813715276736,0.6854031538512338,1.0220814316857918,0.9468321744955971,1.057273265480288,0.9944363060860776,0.13681665262935888,0.2893293399454891,0.15994504348994065,0.4506971712107374,3.294168725864128,0.8909135337796025,1.002002546317159,0.9578164135288488,1.0285234221393322,0.9623830729028627,0.7693358321275487,23.87469861920315,6.658840943694172,15.35995757968663,8.225860012973913,25.78268447414719,0.4829476392129486,0.45389602577247085,0.5075697948375401,0.5420813715276736,0.9876813637220507,0.2
7,37.493691221703955,44.66925686092077,46.833264843097396,52.31719314230415,35.01383797852631,34.09095874205326,62.701880717384185,42.03783089412832,23.883669802686626,46.866366684114666,31.341073267464054,18.64970474256438,19.509515377061803,13.013838159899677,0.48388544475423984,0.4540773844549261,0.5077025045720516,0.5406749063198827,0.6842019048174647,1.0220390528016772,0.9482332232174743,1.0597505147129613,0.9952027456911994,0.1353069874610337,0.29134422015610784,0.162039463421341,0.45250623766985026,3.344292949817063,0.8949655886531932,1.0010068489581876,0.9585139987068827,1.030582325728458,0.9629232245011403,0.7691851012849831,23.909100499718864,6.603948878161991,15.430562322113618,8.299392557885618,25.88161020754419,0.48388544475423984,0.4540773844549261,0.5077025045720516,0.5406749063198827,0.9882565994736672,0.23333333333333334
8,37.276186044405506,45.13924218268136,46.734309485612584,52.52276564589128,35.1525765468669,34.130047753704474,62.26734113776526,41.74309545132962,23.950498862508795,46.26856796398695,30.938795168335815,20.296968890329822,18.83168486112217,12.561275770747926,0.4880825778182423,0.45752097083782206,0.5097176412346416,0.5386116953887287,0.6795702097280034,1.0227139782892936,0.9550996601585998,1.0655077735304699,0.9980942278411574,0.1307697647781415,0.2940139373976304,0.16572726782870736,0.45776539451697956,3.50054433674452,0.9061863545389933,0.9991399016829978,0.9632979985019905,1.035400480009442,0.9648724657794364,0.7686889833860314,24.030800993543508,6.492506437402969,15.52422350951656,8.41909784010368,26.14864975761782,0.4880825778182423,0.45752097083782206,0.5097176412346416,0.5386116953887287,0.9906777114934667,0.26666666666666666
9,37.25934836224252,45.17551763400692,46.721044055835335,52.54506510898992,35.16749196322107,34.12914989836389,62.20104863214168,41.69824317274566,23.946867807370552,46.201773992992486,30.893812161547316,20.718720434577875,18.660589434713216,12.446940621831146,0.48842117337764873,0.45804704071332375,0.5104428396779698,0.5389402805522973,0.6793360112374712,1.0226894098650336,0.9558662919948933,1.0661151979106893,0.99890166119142,0.13071264438982447,0.29414369474994134,0.16519595460256883,0.45855207950318205,3.5080924769199604,0.9062621257674437,0.9989381001914721,0.9640247959330596,1.0359363053849002,0.9653528914827023,0.76867029890727,24.054195153820235,6.513640365511532,15.525219349612737,8.385865807983532,26.186620730713877,0.48842117337764873,0.45804704071332375,0.5104428396779698,0.5389402805522973,0.9910630232480335,0.3
10,37.43753528514944,44.80322692579901,46.802883503633694,52.32203661434001,35.01697859714386,34.155972523549934,62.2310162182567,41.71853008708092,23.79300044481485,46.54549567786273,31.125137529890907,21.568443602277142,18.572502626927502,12.38815287320449,0.48775124365442907,0.4619532781781851,0.5192636875836617,0.5502464802109537,0.6825680905225768,1.02212342705508,0.9517305363422753,1.06219015490139,0.9993100163880471,0.14104435371026192,0.2873913087962878,0.15612319070582703,0.4554650049432548,3.2292322285127706,0.886423180032343,1.0009640021615018,0.9636960858062743,1.0331750046612933,0.965598486238121,0.7692017218633017,24.198130407418674,7.104664212044715,15.163367177814454,7.953416352822156,26.011559973392924,0.48775124365442907,0.4619532781781851,0.5192636875836617,0.5502464802109537,0.9908583947167975,0.3333333333333333
11,37.43753528514944,44.80322692579901,46.802883503633694,52.32203661434001,35.01697859714386,34.155972523549934,62.2310162182567,41.71853008708092,23.79300044481485,46.54549567786273,31.125137529890907,21.568443602277142,18.572502626927502,12.38815287320449,0.48775124365442907,0.4619532781781851,0.5192636875836617,0.5502464802109537,0.6825680905225768,1.02212342705508,0.9517305363422753,1.06219015490139,0.9993100163880471,0.14104435371026192,0.2873913087962878,0.15612319070582703,0.4554650049432548,3.2292322285127706,0.886423180032343,1.0009640021615018,0.9636960858062743,1.0331750046612933,0.965598486238121,0.7692017218633017,24.198130407418674,7.104664212044715,15.163367177814454,7.953416352822156,26.011559973392924,0.48775124365442907,0.4619532781781851,0.5192636875836617,0.5502464802109537,0.9908583947167975,0.36666666666666664
12,37.73467603948578,44.00721505041727,47.09426910095297,51.470599114943894,34.44276555208188,34.185593232866495,62.34815121107063,41.79812231912163,23.45272075013054,47.13586549021289,31.522455562071002,23.14892529086103,18.968653965821034,12.652651435232656,0.4826093126419675,0.46708363469349246,0.5299515991728637,0.5642387397201909,0.6910977026600472,1.0236789725292972,0.9454091072459356,1.0545516179256609,0.9958166889336945,0.15237602802631242,0.27516499681312795,0.14511638893236667,0.4413984485769793,2.8967707409531034,0.8553281972946666,1.0086335482984636,0.9624083866657803,1.0283916473051709,0.9644840228750562,0.7702712661396308,23.9974918615616,7.619930012097083,14.533379891045334,7.424546664337549,25.201209439040007,0.4826093126419675,0.46708363469349246,0.5299515991728637,0.5642387397201909,0.9909794012861177,0.4
13,37.865979029352985,43.68837897734255,47.174030621263285,50.974818270900016,34.10853680338823,34.33538035590988,62.321110709572395,41.779731170713916,23.352001124040214,47.30764335583336,31.63803553692506,23.35677635393907,19.346541915448483,12.904945244884544,0.4821020415330739,0.47061284505424433,0.5349068066594057,0.5703221548529205,0.6946848969004248,1.026264833947562,0.9436497241475682,1.0515524065021287,0.9931277085134056,0.15868887661053346,0.2693769950465311,0.14273640165943027,0.43733209451804167,2.755908771301521,0.8453152818589865,1.0130520667643652,0.9627059543351892,1.0269900596073633,0.9633976743197168,0.7707096502886527,23.921330496917005,7.894612405856656,14.23319686785961,7.306592267046615,24.945195527526554,0.4821020415330739,0.47061284505424433,0.5349068066594057,0.5703221548529205,0.9915364387566588,0.43333333333333335
14,37.83884351458286,43.729382453373205,47.1936075779455,50.838826599683784,34.01682623125754,34.48794136923138,62.326616316946314,41.78341997919702,23.46938893120239,47.375903822486066,31.68404371544119,23.04916352058575,19.52375573412715,13.023457811043215,0.4832650847391217,0.4723449555088273,0.536972314849648,0.5721288090928617,0.6936806982560277,1.026874005833923,0.9425231622255653,1.050474668340643,0.9921116470409784,0.16191888729413903,0.26787993777045255,0.14184075780844288,0.43680171111101795,2.697657397688002,0.8446788006682869,1.0142592691999512,0.9626451992266888,1.0264322328353006,0.9628816467934141,0.7706046598475683,23.93666866965499,8.056061580768068,14.15298090247475,7.260418309174786,24.91235907747611,0.4832650847391217,0.4723449555088273,0.536972314849648,0.5721288090928617,0.9915545870138387,0.4666666666666667
15,37.638511452761406,44.09126265389207,47.29643261641846,50.718714290443245,33.93580451261667,34.80108097486112,62.36071160885412,41.80648964225378,23.918232482886708,47.52952640412042,31.787486139680794,22.146755037515675,19.606825716606807,13.078805487368527,0.4851139184228898,0.4724446428806358,0.5367007446470874,0.5706980707968563,0.6887122964494353,1.0272824435341286,0.9413692866733581,1.0489468892667901,0.9919935796639089,0.1640120531917575,0.2687489131859348,0.1395903718662801,0.4371813454065718,2.6655438441465966,0.8500360080859799,1.0153218452578792,0.9622711772134447,1.0251742094102125,0.962638797926247,0.7699961484667447,23.83743414605729,8.146875616068806,14.236720781230614,7.162939569054262,24.928509745548347,0.4851139184228898,0.4724446428806358,0.5367007446470874,0.5706980707968563,0.9913515074519459,0.5
16,37.54772859615932,44.25928219749534,47.30175561208077,50.86718535268133,34.035942745532196,34.899171436961296,62.3452422627512,41.79596398306782,24.128448794606044,47.6193618132514,31.84786080809519,21.78942578586455,19.548572850553853,13.039988272183734,0.48514874483643955,0.4715143466743044,0.5347483845496501,0.5685680460477138,0.6867567516108188,1.0260611062434728,0.9416754629098121,1.048133772922647,0.9925309826249872,0.1625829362901283,0.2690541287758519,0.1384626737897066,0.4380386873450286,2.6942474431688006,0.8532817482024108,1.0140076330254637,0.962441591172625,1.024435855030482,0.962808591147168,0.7697309779057214,23.839639576650317,8.10707992685003,14.287502176523576,7.128015420011118,24.99479454449818,0.48514874483643955,0.4715143466743044,0.5347483845496501,0.5685680460477138,0.9909234175939347,0.5333333333333333
17,37.425487144931736,44.596624864247445,47.34924981552291,50.96978581739296,34.10521252229455,35.15116692043307,62.3942882116157,41.82930365430673,24.425724749304266,47.70338337871351,31.904507460541055,21.332227047699604,19.300291533841204,12.874234472388594,0.48731372931608247,0.4712296235428007,0.5344224488438989,0.5672953897892217,0.682258227593116,1.0252089795522328,0.9405879376748344,1.0475204800992166,0.9945868305382375,0.16402300514025422,0.27010377966118354,0.13537928976422103,0.44061241535981127,2.6862840863097692,0.8590123055768539,1.0130968420761566,0.9619012968707754,1.0237443041812357,0.9635336232023687,0.769215650837161,23.890704260941803,8.205264113114152,14.354612889136728,6.998645178830882,25.14144711538943,0.48731372931608247,0.4712296235428007,0.5344224488438989,0.5672953897892217,0.9905690165826342,0.5666666666666667
18,37.37527917802933,44.89575342943064,47.46737442876278,50.9516002563725,34.092858424860395,35.53173662991574,62.357799328604116,41.804508604154705,24.723918905908448,47.73060067820899,31.92283910624633,20.57648207983121,19.145677740950504,12.771104520700476,0.4894115098588023,0.47129370548358956,0.5349167119855934,0.5661781086747262,0.6781979932751686,1.0249894352700328,0.9401962439255509,1.0475120128170803,0.9962616839819924,0.16599527244748644,0.2711970050941831,0.1321839482840658,0.4426450123883942,2.6666120016297903,0.8644126180721813,1.0132595320762519,0.9623027182010059,1.023521040352628,0.963977402143011,0.7687582856733718,23.90481294544972,8.336316123850468,14.417339759481951,6.83783947708452,25.24846068994316,0.4894115098588023,0.47129370548358956,0.5349167119855934,0.5661781086747262,0.9907651731932241,0.6
19,37.38611295751676,45.08697901082178,47.583996104375785,50.997947113262114,34.12413389824633,35.663523188472965,62.57197997673347,41.949906355762664,24.816543395468983,48.15905069277176,32.21118960334758,19.515566417654355,19.493380669637816,13.003132735794026,0.48999460889659546,0.4692890603279666,0.5307204680888167,0.5622522364763691,0.6762070643254106,1.024396317256201,0.937125569492294,1.0430825661534937,0.9946942786463807,0.16751082424793834,0.2710905170914199,0.1286754067276648,0.44241169206409653,2.641093001836934,0.8714853732775426,1.0128483543818876,0.9599454896036526,1.0199810944586492,0.9629706179781365,0.7685074107219928,23.906705728636243,8.368652261005161,14.499047411785936,6.710492967075242,25.258758131903537,0.48999460889659546,0.4692890603279666,0.5307204680888167,0.5622522364763691,0.9889363891055815,0.6333333333333333
20,37.515137013025594,45.02255941144634,47.68068392926506,51.09953798265633,34.19265237726495,35.71641986215326,62.59913024243663,41.96813638762316,24.80184009151489,48.33737487152328,32.33141836578662,18.98451013744102,19.546719909676227,13.038712008962023,0.48895308805375476,0.46788094854647444,0.5270339241766748,0.5591607816035372,0.6769792082803749,1.0233377943098028,0.9362257366390252,1.0409036171318045,0.9946688213620917,0.16762872542817955,0.2708614274017867,0.12660191726675263,0.4431378299577388,2.6435672191036783,0.8744409397010047,1.0119443302549445,0.9596464031840192,1.0184990333108788,0.9628150528847914,0.7685293646800646,23.93109500533475,8.390795463325261,14.538329485909987,6.640157767060539,25.31869015556733,0.48895308805375476,0.46788094854647444,0.5270339241766748,0.5591607816035372,0.9882262049086585,0.6666666666666666
21,37.65862931838353,44.939197751867454,47.760699157168716,51.12505066493543,34.20974702409731,35.79734710358886,62.61521760161183,41.97907896504091,24.82493805654687,48.40715609275989,32.37836659064311,18.584457931643215,19.495314898750166,13.00440869145271,0.48839372404104636,0.46704204333623256,0.525205841043008,0.5576701960671455,0.6779514785039453,1.022951881584371,0.9355607702160648,1.0398410046902422,0.9951543319535712,0.16805967301717176,0.27092744851676676,0.12496879013634693,0.44400859677398297,2.641969738385236,0.8757751781027404,1.0117175951616533,0.9594690039057457,1.0179183510372642,0.962966425090226,0.7686125197971111,23.958190915909178,8.415021135336948,14.564917539248997,6.576968222070601,25.3712849733409,0.48839372404104636,0.46704204333623256,0.525205841043008,0.5576701960671455,0.9880178437987224,0.7
22,37.83502744146878,44.68092166841848,47.99501878362875,51.31947712214955,34.34097133944596,35.911643754546816,63.54958998989014,42.61299582719337,24.93398273294784,48.85867431211986,32.682539774985486,17.806012771325953,19.400602798926343,12.941328124133094,0.4838617627452408,0.4592112264539154,0.5183906666531202,0.5556900107405918,0.6822358254487302,1.0204036453243244,0.922753122048704,1.0344035851260256,0.9960624118760624,0.17423738083308346,0.27479767688983203,0.12226893356342931,0.44613056464672884,2.5604754669112015,0.8707404212520814,1.0099837691660534,0.9491109003414393,1.0141407467441466,0.9632392978422323,0.7689215307023735,23.938517538065014,8.528387724261377,14.76634068259397,6.5570821793272644,25.52736200407219,0.4838617627452408,0.4592112264539154,0.5183906666531202,0.5556900107405918,0.9841186785234679,0.7333333333333333
23,37.88526333025388,44.515559258752035,48.393518319991585,51.76196790542025,34.63932039500165,36.101393763530524,64.01186902317963,42.926682769626325,25.120634209638325,48.79999609367573,32.642908282812215,17.62691263666457,19.16249206166958,12.781939356194727,0.4796051563102004,0.4550633307942626,0.5143621739885388,0.5542464027492823,0.6859423460649621,1.0150131381498184,0.9160686226915257,1.0334349521187072,0.9974952088487351,0.17153217870702012,0.28190134058641003,0.12305385133796432,0.44857038623558476,2.615079942819074,0.8653283905459457,1.0060208733738896,0.9439456459659051,1.0146337817164528,0.96392998150733,0.7690985082535998,24.135925622046905,8.333011120911179,15.13707807837348,6.645124872751702,25.73881239085168,0.4796051563102004,0.4550633307942626,0.5143621739885388,0.5542464027492823,0.9821325706408943,0.7666666666666666
24,37.94071793276643,44.38070601611156,49.00309857277196,51.7716306447293,34.645838657377,36.29841331995215,63.68764435893068,42.706557431389285,25.332127891080717,48.29052208288249,32.29984397597198,18.920422067972623,18.500628603078184,12.34003753876192,0.4782212958803825,0.4564497866350771,0.5130856442283053,0.5528414987819276,0.6891999794004013,1.0133391494933726,0.9190245585652201,1.036323437704812,1.0005004749492945,0.16532135852336216,0.28404889130422517,0.12521015269426902,0.4497165622802673,2.7202567115013703,0.8650242217413171,1.0059336794772717,0.9475711011574337,1.018887121602119,0.965800859135431,0.7692583961617152,24.287904658783255,8.06812882168769,15.232970832800383,6.754809429156605,25.79722537465507,0.4782212958803825,0.4564497866350771,0.5130856442283053,0.5528414987819276,0.9845481903430638,0.8
25,38.02771783406891,44.12160672702251,49.345905477085466,51.704045845386105,34.60019545756964,36.45965962350871,63.30968743000885,42.45010952845848,25.392503942025286,47.73279343707375,31.924225619027112,20.71239200629404,17.840970568119445,11.899892390627343,0.4774451879720542,0.45806367070632875,0.5124204477655094,0.5508737329105445,0.6931881181964663,1.013704106828097,0.9231698360048656,1.0399067040599737,1.0028768054742376,0.16088784786256652,0.2852351466692868,0.12723360112011123,0.4510573356794412,2.8035511297859594,0.8667052915781932,1.0065412894350156,0.9517807190314168,1.0235037055548701,0.9675982741390647,0.7695162663624845,24.37041907525989,7.883402266378498,15.263893271747028,6.833477988670188,25.842671188432945,0.4774451879720542,0.45806367070632875,0.5124204477655094,0.5508737329105445,0.9873559970400918,0.8333333333333334
26,38.12589376068007,43.73587896285056,49.94963549756778,51.306719913833405,34.332257404890925,36.96610759031057,62.04682354778308,41.59367949425561,25.832898823953713,46.2019480748838,30.893987018045806,23.32635632356488,17.009681552248367,11.3447730571217,0.4775006497806064,0.4649119313928649,0.5174920825840967,0.5503760231707417,0.7001690944933516,1.0175524363765074,0.9377694597659492,1.0513741545261082,1.005139322157781,0.1523275464726998,0.28798456185187227,0.1337044383516108,0.4540991169880492,2.9810700539231263,0.8675898313189676,1.0100985254444916,0.9657147071819864,1.035934628015637,0.9697761099983608,0.7700420297792173,24.400609984414597,7.616683228503156,15.315419180758633,6.996684531157627,25.93786793742275,0.4775006497806064,0.4649119313928649,0.5174920825840967,0.5503760231707417,0.9953809926601189,0.8666666666666667
27,38.20536298800576,43.01830409313911,50.52240293154958,50.6056784511062,33.8596181575283,37.41646707059124,60.037685329917366,40.23240037281829,26.532208695742185,43.82440648605572,29.295025315562185,24.85420618509113,17.150850917207833,11.439167791673981,0.4748743170645485,0.47215492944957466,0.5254533516715046,0.5489319937373074,0.7115948108595668,1.024632655380273,0.9622008595177202,1.0708262641016324,1.0014632525275027,0.13818589786693428,0.2955770252341636,0.148547988447426,0.45385089704831005,3.2843500763141815,0.8650876863280877,1.0163200155915308,0.9874558301027171,1.0545536657472785,0.9694130891676981,0.7709082281705917,24.13881242708124,7.118241153737187,15.564331947159683,7.27274209119706,25.855855145000355,0.4748743170645485,0.47215492944957466,0.5254533516715046,0.5489319937373074,1.0069356501523061,0.9
28,38.47183507558066,41.651617311293194,50.957588297197674,50.00740938062722,33.45648760122427,37.569080509291894,57.91426675534477,38.79499612909157,27.308117535649586,41.15752969091815,27.503290590739994,29.708783280818494,17.76646434059714,11.850083251087398,0.4646009894598399,0.4749911522509828,0.5303799448554686,0.5450795651569337,0.7304599886475127,1.030055836383834,0.9872934069505103,1.0928633628113609,0.9923924935311376,0.12422997003757456,0.30372977659062866,0.17276594697295578,0.4450133734470526,3.5821737499471062,0.8523544279311452,1.0215722325747278,1.009846610931349,1.0744101964382093,0.9677980426379803,0.7723864823949639,23.622491859790237,6.630589731618973,15.758498338122422,7.738416059911871,25.33414216835198,0.4646009894598399,0.4749911522509828,0.5303799448554686,0.5450795651569337,1.0184067706455666,0.9333333333333333
29,39.07433949882136,39.18067697433659,51.20101207514594,49.666330647575535,33.226665405512904,38.04274737619059,54.548257587910484,36.51997823369868,27.97799336140224,37.79034408676222,25.24347422747286,46.10888021818138,16.876325081783193,11.255869095153514,0.4425120161374225,0.47311802621314913,0.533370772183796,0.5539411028718921,0.7639877148148042,1.0351746440925536,1.0266532983689902,1.120981091439688,0.991243705192443,0.11016836756430404,0.31360459378980027,0.2105257909015027,0.4501054565711352,4.085613916828482,0.7988430644608258,1.0245453049158184,1.0440545305663254,1.0978960905811244,0.9701160415536229,0.7750846908996589,22.676650626511158,6.1074992220198325,16.025759678725002,9.02119247978705,25.548497591584653,0.4425120161374225,0.47311802621314913,0.533370772183796,0.5539411028718921,1.0341529919042227,0.9666666666666667
30,40.447846796221626,34.17721760346265,51.35067617593538,49.045044708785696,32.80803263946825,38.61033439204775,50.6579580890357,33.89522483380483,28.213584050998207,34.981351269986135,23.360119108760216,70.26195669741838,16.28154433894437,10.85892583522076,0.40151941795397944,0.45652072421787054,0.5363270712244423,0.5778251610809944,0.8254472582774349,1.0435925541007012,1.0700637311993708,1.1442643248261977,0.9897349361611847,0.11449160959807098,0.3108435760662309,0.24679122336028866,0.45632520093654416,3.9856646498538364,0.694880455281686,1.0299149831860315,1.081539146228587,1.1160961129722924,0.9715974578942047,0.7798824265682153,20.925520095695894,6.042234474672321,15.678792468362671,10.374093991961347,25.762665869151807,0.40151941795397944,0.45652072421787054,0.5363270712244423,0.5778251610809944,1.049786925070279,1.0
31,40.17862264367599,31.60307326313898,51.527593909504645,48.52257168281099,32.456064319697134,38.673732444386985,47.92590728195745,32.05455097508761,28.557096748124366,32.1442513470071,21.459519385690612,118.53900301895968,15.767744941676227,10.516076275610544,0.37601688493842006,0.44546139284683617,0.5587226791817121,0.6109987494201675,0.8638427594757554,1.0508580160378984,1.1009632736055592,1.1671252525785434,0.9857616832024405,0.12105517185104628,0.32380643085248595,0.29140369658263116,0.4645772555329937,3.837731259655106,0.6154134998494216,1.0343867419043695,1.1064919008297098,1.1331645536242239,0.9728365034466403,0.7822450847973461,19.714104550307958,5.872620514369823,16.074140890666122,12.206715701727134,26.120669353224915,0.37601688493842006,0.44546139284683617,0.5587226791817121,0.6109987494201675,1.0617199249512357,1.0333333333333332
32,39.33701143897625,30.067433198690793,51.61524955271409,48.37519421954573,32.3568577527536,38.06703854317249,48.34290852283692,32.33537861273692,28.618053295117136,31.938310736065745,21.321573469980876,145.08487094190713,15.060284396816996,10.043812294916904,0.35301171207390764,0.4243371506387781,0.5660329520329359,0.632707626852795,0.8910421628322596,1.0554798808664847,1.099450030623497,1.1692347170561956,0.9826637708544232,0.11329988603673237,0.33861851764242495,0.3119402669608947,0.4751350663147633,4.193605492459784,0.5579381242019668,1.0356409367223725,1.102758701144225,1.1343513327095864,0.9744797807680997,0.7834510387784428,18.536126057312266,5.556007758994616,16.804604992216788,13.393425553714465,26.654758994567487,0.35301171207390764,0.4243371506387781,0.5660329520329359,0.632707626852795,1.061807687836071,1.0666666666666667
33,38.283826900429915,30.19894142596121,51.55066303469414,48.62934867972376,32.52812032576216,37.058173278001675,51.838699414147726,34.69134578498205,28.4198818823657,33.86045386974652,22.608992547889017,154.50231774474042,15.138164325087757,10.095842467329106,0.33784027634999325,0.401226275629914,0.5527291941783727,0.6348093947372085,0.8974835702861614,1.0561821469766868,1.0644540297134941,1.1549985349107963,0.9781608314393425,0.10050539855568803,0.3520736424662629,0.3120791236394675,0.4831757478895941,4.807460163916215,0.5321916685998825,1.0334759114567393,1.0704009198835398,1.1229992460570115,0.9743020129008455,0.7833072655338553,17.62088870340668,5.414581138369869,17.650694171034516,13.895172312801519,27.131980140745664,0.33784027634999325,0.401226275629914,0.5527291941783727,0.6348093947372085,1.050294522574534,1.1
34,37.733652374467766,30.615182320843246,51.45997353203853,48.88029883656594,32.697060256753616,36.381179386771464,54.66688035331404,36.600165203796934,28.26478160237079,35.029120690891375,23.392166894391096,156.35423244754259,14.56510326616467,9.71357043411001,0.3276901400369022,0.38837541317259466,0.5356005885336431,0.6274493527003817,0.8965141961174733,1.0534517856015875,1.0327224156140933,1.146046199631191,0.9794064259603132,0.10690862166553006,0.3563274066562143,0.3063816704395274,0.48247379817026576,4.512954573020011,0.522257507166168,1.0313287997052216,1.0428762088540169,1.115797674996237,0.9755836229726372,0.7829259565341513,17.02248161811927,5.763654900923023,17.86423436574412,13.938475589224335,27.14572287042055,0.3276901400369022,0.38837541317259466,0.5356005885336431,0.6274493527003817,1.0413965766320283,1.1333333333333333
35,37.412804863145055,30.42874865463105,51.15014393085929,49.44921892453303,33.080211781757555,35.72728577262933,56.69762902688602,37.972337800605544,27.955696198977705,36.456294107855285,24.34873899349313,156.12840004798136,14.208253114821503,9.475354447351918,0.31032052921362435,0.37558325849299573,0.5159030759182986,0.6216156276277058,0.9024976626059927,1.0476593297612125,1.009779197924349,1.1348434838064396,0.9788825509551854,0.1160096805138393,0.3528367994389726,0.301477818434543,0.47775445475924316,4.118228853496078,0.4992160917925291,1.0264294050567608,1.0223962849833632,1.1066999905179065,0.9763589478487491,0.7830468606904072,16.21535776591704,6.111078302248872,17.729446104997837,14.060567206207175,26.997891250014607,0.31032052921362435,0.37558325849299573,0.5159030759182986,0.6216156276277058,1.0329711571016948,1.1666666666666667
36,37.24380763893467,29.789019148507208,50.61415173543429,50.19064840107836,33.57985257350714,35.39356170265859,57.1560720803287,38.28219323442073,27.76615101931168,37.38862309122297,24.973933232201603,154.32768514678068,13.971468687638662,9.317572615874582,0.28932993545452207,0.3639509925961832,0.5036668575001224,0.6177851832653125,0.9127660423325542,1.042002146485088,1.0054991539144598,1.1274068899175107,0.978348233630885,0.11891811807726599,0.345485941190445,0.2965315098530274,0.47560574089689306,3.9994385093908686,0.46833420193395137,1.0199697311615266,1.0176919439237064,1.1005779718819164,0.9768597930139435,0.7834685356998551,15.253205397202589,6.338367458398693,17.463446798341774,14.019851181351255,26.99530600797936,0.28932993545452207,0.3639509925961832,0.5036668575001224,0.6177851832653125,1.0287748599952733,1.2
37,37.246705592943385,28.950727540274357,49.73564702723371,50.926050068212675,34.07559974045006,35.131134372198574,56.63974161898415,37.93315809593406,27.611197259700305,37.274352427029584,24.897391817747916,151.64131637331377,13.468271439141574,8.981656565601583,0.2673398645469772,0.35472684236151836,0.49911444490644635,0.6159509606287744,0.9238493573545317,1.0376048821875332,1.0123218653204356,1.1289372372067836,0.9801055587211968,0.12209726075640882,0.3358177844856124,0.2967128766321534,0.4767783388128485,3.9049057842091255,0.434027832238127,1.01348585834596,1.022987820967708,1.1013344337473228,0.977901936787036,0.7839918005348435,14.194088014268504,6.6816350696954,16.939915944556482,14.016411236645627,27.14402860932931,0.2673398645469772,0.35472684236151836,0.49911444490644635,0.6159509606287744,1.0289275124620065,1.2333333333333334
38,37.302141599777855,28.092279285410115,48.57926218351008,51.6615335315669,34.57160238987893,34.337185877097085,56.9543986503452,38.145947798477664,27.075089681480677,37.002994429349485,24.7153382036376,149.6193886728105,13.270680561319608,8.849737026476106,0.24539857528028206,0.34234755398996325,0.4974428833645882,0.6169612362136866,0.9347579674179337,1.032477200714433,1.0111138538972404,1.1330544859917202,0.9809482326542007,0.12526377913366268,0.3319337154314339,0.30408158201474095,0.4773436807599084,3.8107076599012903,0.3977536300477574,1.0069224774997891,1.0197641145005374,1.103126209372777,0.9783015345290972,0.7845460204442347,13.15736707558757,6.925683365162245,16.583819817481224,14.34722251338315,27.27429226350769,0.24539857528028206,0.34234755398996325,0.4974428833645882,0.6169612362136866,1.0270285839755502,1.2666666666666666
39,37.414359628434056,26.901440158630237,47.659158513776475,52.045497194060076,34.83058434288736,33.620684572312086,57.45350048036481,38.483426918191384,26.413758244755343,36.5799896049902,24.431727476197125,148.52716487640078,13.62314942918266,9.084801615149871,0.22821290407141315,0.33014595628455046,0.49905943248427614,0.6216544410121114,0.9482924170625461,1.0311955327979394,1.0084634644826531,1.1388593295410918,0.978747712935402,0.12600455439659067,0.3352632751564861,0.3198252999232404,0.47973876285227335,3.8073125775216266,0.36710571877971954,1.003466264660241,1.0146242630315998,1.1058953581827355,0.9775856545218291,0.7852186901471478,12.34325642523027,6.96772429823716,16.570769418210343,15.068418267333831,27.45835663058411,0.22821290407141315,0.33014595628455046,0.49905943248427614,0.6216544410121114,1.0253928850991014,1.3
40,37.041855314238376,26.196133385342733,46.34450371819196,52.81268947373867,35.348084805718116,32.34026214124856,58.33206410114404,39.07771213119682,25.04754064918032,35.979767214751035,24.029308231576863,146.60270328761024,13.528326954103193,9.021720900635302,0.19931003888144916,0.30231035445107973,0.4936513117734698,0.6175143278097329,0.9579206815075145,1.0295477582632155,1.0045356602330717,1.1488377594634767,0.9781727575592155,0.12536926777895058,0.3469405756194795,0.34623788265557276,0.48904271000738914,3.9008177974005935,0.322761799488549,0.9964974635126344,1.00549030882022,1.1097728230722315,0.9777793141275722,0.7853986166609076,10.746625870728632,6.925519142059733,16.888573309133122,16.337703977120466,28.046145419835277,0.19931003888144916,0.30231035445107973,0.4936513117734698,0.6175143278097329,1.0223849773831644,1.3333333333333333
41,36.698094295384635,25.98680512510208,44.98298420069827,53.5521910931961,35.84722105921429,31.25599417785432,59.10796132458735,39.602895230906086,23.11462297390227,35.78674500487273,23.90000071324559,144.66998777150818,13.397544515509793,8.9343869617434,0.15983394906776796,0.2614775245476113,0.47717969146717626,0.6035945542128129,0.9617527805676089,1.031841627098089,1.0042331231276853,1.1581269897876778,0.9777095789904522,0.12695615496072415,0.35749919820900083,0.3821170696197055,0.5080303516950931,4.00162018010122,0.26480349317959456,0.9897022191559689,0.9973352113348494,1.111007520382322,0.9780451349504123,0.7851964073061642,8.269090784604366,6.979129635179865,17.208093770856156,18.21364703945688,29.127835752688643,0.15983394906776796,0.2614775245476113,0.47717969146717626,0.6035945542128129,1.0190225214558881,1.3666666666666667
42,35.95359618368914,28.124343745001312,44.068770704521086,55.06393210743295,36.867977238339336,30.69237511887559,60.898774515304126,40.81562343899438,21.63761990195752,37.66162398026523,25.157012404666034,143.37187148765705,12.393527252866903,8.264562893250911,0.1355170043023218,0.22546055913578522,0.44369479963885466,0.5775782013458931,0.9416714668373626,1.0226108621663947,0.9892519106499348,1.149979156097348,0.9825919687001764,0.13110085016965412,0.35521589033752127,0.39164576244399796,0.5218905995559435,3.980832764030525,0.23462970319904433,0.9755761917439952,0.978203568812576,1.098758836252808,0.9800004118794382,0.783695331250172,6.349396402976223,7.227235523224026,17.07974779921091,19.173999017074586,30.087154819003732,0.1355170043023218,0.22546055913578522,0.44369479963885466,0.5775782013458931,1.0081347521722044,1.4
43,35.68680990423135,29.30904147152961,43.86504979996769,55.96330225166972,37.475695919801325,30.54057973752279,61.926633507455705,41.512234223467146,21.24759701685315,39.23486951771443,26.212490090356482,142.94236308833467,11.62378336137229,7.751151651317485,0.13045269385754915,0.2113760517614589,0.4250283792467009,0.5659442140510713,0.9295206135396181,1.0139370995894037,0.9787611120077636,1.1396783225847853,0.9870540989635548,0.13155159246188394,0.348119598084526,0.3860040944337872,0.5253787770062942,3.9937086829369384,0.23050450612210324,0.9670239326372947,0.9670307573156997,1.0880409437229874,0.9813969308024514,0.7828273238622913,5.872385428582208,7.295574302637198,16.806665140453976,19.243339235036807,30.405914232381452,0.13045269385754915,0.2113760517614589,0.4250283792467009,0.5659442140510713,1.0008731411196083,1.4333333333333333
44,35.36449429753179,31.31600780806852,43.688016505418545,56.58610472902126,37.89666271194656,30.4795300975957,62.69138183241529,42.030757809214066,20.960459120220833,42.129132147753296,28.1558591100208,142.34624043704628,10.667113770520444,7.113077304912252,0.1384488686996694,0.19940366269604468,0.3945885923296809,0.5485024092229466,0.9076525287782212,1.0059383303916434,0.9703629670375273,1.1164133121870132,0.9938241087665353,0.13035404374532586,0.32743867580339464,0.3628319686889669,0.5283887526012284,4.053489227374143,0.25241250329544107,0.9610385260597091,0.9586290294263994,1.0673035728985625,0.9830063052939947,0.7812817866965576,5.8493839680269,7.27744329950872,16.186307979880855,18.657801322099296,30.634229031170097,0.1384488686996694,0.19940366269604468,0.3945885923296809,0.5485024092229466,0.9924943584196664,1.4666666666666666
45,35.56510016732369,32.319454816628365,43.678138442967594,56.489494642533444,37.831322690109914,30.472115822092604,63.16723246862314,42.35367808076026,20.808896328743316,44.97527042579097,30.06869348515886,140.7567660890761,10.88648521294283,7.259499090834623,0.14642226817968423,0.1971302362441635,0.36796904929424873,0.535777002252514,0.8957847235488576,1.0032231073766122,0.963132989936145,1.089324155559177,0.9954088139255063,0.1317454129890445,0.30296955098469447,0.3331857484360725,0.5245826826332209,3.9817905679868932,0.27328956791948883,0.9619704014528344,0.9533625146395008,1.0456486263340128,0.9826496775090646,0.780519669314675,6.015362027362349,7.32000544390437,15.454066421854787,17.659301322929796,30.43023215630893,0.14642226817968423,0.1971302362441635,0.36796904929424873,0.535777002252514,0.9859078049838531,1.5
46,36.301591855233625,32.45829094508085,43.8758813150302,55.70000016818116,37.297708597097824,30.66590244411563,62.633249687927076,41.9911877983059,20.893964125260396,45.39851803941821,30.35352970080538,139.75770470996804,10.758279689187987,7.173894168430422,0.15170831636677745,0.20078484330446328,0.36241499744612343,0.5298280985358348,0.8914538526888013,1.00607273341399,0.9668479509443383,1.0835878802963477,0.9992437612223042,0.13299325754696759,0.29307456975383356,0.31584367697407345,0.5215667319146791,3.9217528942243924,0.28633497151749676,0.9695393134967142,0.9592704368441981,1.0423201810084566,0.9828592422782765,0.7803871105000295,6.015765304743369,7.387499644132603,15.091419587162687,16.819861648413593,30.14857272366053,0.15170831636677745,0.20078484330446328,0.36241499744612343,0.5298280985358348,0.9884972934069113,1.5333333333333332
47,37.40946343434371,31.73583005396162,44.227652352920074,54.75227922972317,36.657656795578646,31.100003186023486,61.90068961792694,41.49470122261141,21.084161551035947,45.49220503075003,30.41636539501522,138.11241476411374,11.035760941954237,7.358905303408051,0.1492185652079652,0.20312905204973344,0.36127152540667795,0.5276974392656575,0.8958895294756304,1.010718642025001,0.973025326802359,1.0816389835336817,1.0012280503961,0.1346577492005478,0.28520912853485947,0.3046781144249419,0.517741006410273,3.8448657506560293,0.2827729514622771,0.9785133459926962,0.9673136587275923,1.0415823190405902,0.9824036526164491,0.7809339866392951,5.740050394164371,7.4742327955480174,14.769393919857592,16.234246481442415,29.818995946029627,0.1492185652079652,0.20312905204973344,0.36127152540667795,0.5276974392656575,0.992453244094332,1.5666666666666667
48,38.17701032880953,31.174018920286073,44.42765226981081,54.05017378752933,36.18336510727187,31.396713752226077,61.246479828990914,41.051284803770216,21.14986135835659,45.30139180890876,30.288224038028716,137.38137148681164,11.127662604231347,7.420192888478255,0.14695819892256,0.20287157371317818,0.362127493804269,0.5265653285799065,0.8996887791795907,1.0151500104342208,0.9797618932572465,1.083129265715317,1.003081738002107,0.1344734875360642,0.2840384078880034,0.30021738752501687,0.5176865980280774,3.8497295564818637,0.2790882501284483,0.985083194281681,0.974438005270377,1.043085887232677,0.9822484017381503,0.7813192085097177,5.452650153423317,7.458582880715973,14.755377487161464,15.956615693293534,29.71784648570584,0.14695819892256,0.20287157371317818,0.362127493804269,0.5265653285799065,0.9962138721307214,1.6
49,39.36440973962195,30.32758673589899,44.73722873456876,52.987803360928254,35.46628736210175,31.99302955883445,59.85351057916057,40.107594553088774,21.353242615788417,45.06673743131492,30.13023873904399,136.2739967473386,11.412576363084753,7.6102525751142025,0.1442201824312744,0.20158445562100288,0.3629977670506383,0.5251037957841937,0.9056951108579581,1.0224741077750004,0.9958936580477322,1.0847560957252391,1.0051135923785253,0.12915501374558758,0.2824287444001051,0.29394204391612855,0.5186517394494463,4.015730278297947,0.27465080397940544,0.9948941307360155,0.9894227323738773,1.0449304462530162,0.9817633964800051,0.7819402366925606,5.040417594093435,7.181048805826016,14.819500249808861,15.573701433814563,29.62580503165126,0.1442201824312744,0.20158445562100288,0.3629977670506383,0.5251037957841937,1.0027526764607286,1.6333333333333333
50,40.519317092441725,29.49649690356449,45.37520928802627,51.72143740367366,34.61198635715044,33.183630209893636,58.04609447858715,38.88422569886316,22.01504466610902,44.66942314782017,29.86319448306051,136.75218826944788,11.789049146770878,7.861331970390694,0.1447671440995549,0.19990923538958355,0.36621021086114836,0.5245876763806517,0.9121656196416335,1.0322687592601352,1.018260595337405,1.0873372451656398,1.006321827058735,0.11593148979058987,0.289133610721838,0.2878450157459228,0.5211189525857264,4.495059181732638,0.2759636717711838,1.006385791816274,1.0084742700339542,1.048033398384047,0.9811041748127276,0.7825742877925917,4.7737913207643095,6.434764869917238,15.333609771694906,15.1732721839188,29.586362770632576,0.1447671440995549,0.19990923538958355,0.36621021086114836,0.5245876763806517,1.0109994087617507,1.6666666666666667
51,41.276590378913426,28.959277833836865,46.33667072012457,50.32943292086014,33.6734930185217,34.861177967331315,55.98795300128235,37.492558437453454,22.777413438072557,44.24659848710817,29.578862812183075,138.8304030279691,12.276707796307278,8.186755595725998,0.14876485940782186,0.20983496761910203,0.37151556095401495,0.5271450071755172,0.9169478152990054,1.04227176646915,1.0387408013996213,1.0898756866170445,1.0067189128179528,0.11557667866747083,0.2861780897193987,0.2841074804164768,0.5225844036877778,4.521538120817089,0.28220860400979453,1.0187521797054016,1.0296198674020938,1.051309129168397,0.9802173687389326,0.7830306280757169,4.6990972325053635,6.364573434378379,15.207100437250789,14.901805631996877,29.486994206498963,0.14876485940782186,0.20983496761910203,0.37151556095401495,0.5271450071755172,1.019974636253706,1.7
52,41.55383814980104,28.92412872896091,47.02671121452326,49.52193991992465,33.12925751992904,36.05625870844554,55.0570348659418,36.863523611041614,23.492558638100718,44.09556563392968,29.477384151079036,140.48989573377258,12.689548365415817,8.462116718085156,0.15317308124393875,0.21829373976559072,0.3756843091498683,0.527493132240023,0.9171846280310884,1.0467165720667095,1.0462584560032953,1.0903067854995485,1.0062988621568016,0.11782888925482302,0.28565972831553654,0.27955230529071506,0.5207769225098956,4.41977244804465,0.2903792845409941,1.0257985407100507,1.038988690443387,1.0524735018153966,0.9794399833742332,0.7831030976443556,4.781968395442,6.454561818379496,15.185325617547884,14.624303234328064,29.304093495445212,0.15317308124393875,0.21829373976559072,0.3756843091498683,0.527493132240023,1.0241751790857667,1.7333333333333334
53,41.86995438340301,28.970801120004268,47.781445197134985,48.7003366583408,32.575872180825996,37.70077766916319,55.451042727862855,37.12984261244125,24.599698297759403,44.182576077031115,29.535812128445627,143.07269568998132,13.345464645737167,8.899716960356812,0.16030533021488327,0.22855900222022615,0.3816098924560006,0.5278976624145976,0.9166594898692453,1.0511269597829984,1.036589725941755,1.0877649244136085,1.004961188277886,0.13009355581623722,0.29247093691140036,0.26902750066830683,0.5184226571451909,3.9849984424094065,0.3036674313823901,1.0328680365303444,1.0350374110456384,1.051801044217123,0.9781505128687046,0.7831651544971695,5.095726898195864,7.100628400972519,15.585545765525774,14.062281606057201,29.09729082941218,0.16030533021488327,0.22855900222022615,0.3816098924560006,0.5278976624145976,1.0244642511654527,1.7666666666666666
54,42.008712854069444,29.29290572764205,48.28409056395688,48.31634362356118,32.31714573542294,39.16603954408754,56.08904413438694,37.56094018367665,25.53157460874064,44.57545205142378,29.79992509535677,142.41076216463358,14.296993586371912,9.534557721002926,0.1696642278354393,0.2447579085144366,0.38467738039265015,0.5271417250698481,0.9132866080755326,1.0523129713542902,1.0236386809088496,1.0824407862776477,1.0015810494953947,0.1467758139858272,0.29519887913176435,0.2589459005791356,0.5132152239617996,3.4965923544149624,0.32185694386910607,1.036140632367003,1.028595583358406,1.0487630252907505,0.976166789893513,0.7830935729035714,5.686117158799552,7.952983776705072,15.795976087039364,13.56822847017079,28.804308894731413,0.1696642278354393,0.2447579085144366,0.38467738039265015,0.5271417250698481,1.022416507727418,1.8
55,41.90270669903464,30.064779101273103,48.39302721466055,48.54084922332842,32.46825697705495,39.87525852427336,57.242968128891434,38.34100722224778,26.035053036964513,45.29844606578203,30.286154110313646,134.77039368943736,15.303835043852786,10.206467666207772,0.18183275258558865,0.2598904611174751,0.38213737716021384,0.5242833827716152,0.9045398146907654,1.0486400753505802,1.0068511452234974,1.0745561085234114,0.9976176143542539,0.15874425129932623,0.2948011841012824,0.2510195394948379,0.5054368616858379,3.183969345088906,0.34682149977006305,1.0342319169168137,1.016796867534254,1.0431098963843655,0.97392304985351,0.782704905542645,6.527582673030946,8.547373323498864,15.855308690174478,13.251937108360462,28.460614402700827,0.18183275258558865,0.2598904611174751,0.38213737716021384,0.5242833827716152,1.0170154326722358,1.8333333333333333
56,40.91998164609788,32.85913418380318,48.03180447757853,49.89106385127397,33.37816162826161,39.2396183984803,60.177885409060536,40.32725076456626,26.11333054524451,46.87055796701409,31.343812111304715,117.16695832911526,16.535654444301315,11.028468122209972,0.21316929988216818,0.2801194369811394,0.37470278559038755,0.5150409932371293,0.8737958793576923,1.0357195208342709,0.971512781049858,1.058578198047387,0.9916062474829674,0.1695425020746462,0.30386482255829184,0.23943824022883037,0.49535744636074813,2.9217300150811267,0.4138880177352078,1.022587782614507,0.9859568989327324,1.0305481853744987,0.9709715724991292,0.7807967305806391,8.35756246906232,8.971893640284474,16.50510347738644,12.88280635305199,28.177806044057235,0.21316929988216818,0.2801194369811394,0.37470278559038755,0.5150409932371293,1.0025161098552169,1.8666666666666667
57,40.46373848079307,33.96061485984754,47.751496405286304,51.07888999739862,34.17860261571781,38.776699423981825,61.37255770127102,41.136654356931246,25.999880959894796,47.60536978247353,31.838398758506173,109.1154845426198,16.86383162557047,11.247521430567872,0.22552899424727488,0.2894363147467584,0.36993331635033233,0.5112854139216257,0.8613353626871436,1.025316522048422,0.9570855207853622,1.0503661790278718,0.989844412718003,0.16914765427961198,0.3082506877956171,0.233400688301725,0.4907291185609428,2.901187673213956,0.4411019436412603,1.0121294658062614,0.9730706748940633,1.02455055793362,0.9701480142939395,0.7799384720603848,9.45073840926345,8.961140108083237,16.849681584166508,12.692424161896968,28.117794102014454,0.22552899424727488,0.2894363147467584,0.36993331635033233,0.5112854139216257,0.994974678231971,1.9
58,39.64615714495221,36.457191166758065,47.25574280821638,52.614350397586065,35.21433940661285,38.17292707046457,63.22604770067022,42.39345052111241,25.880574468259567,48.20400303407027,32.241528693572974,94.17364920046968,17.709943733080024,11.812282574375843,0.256136321770684,0.3101386518306988,0.3704168087457588,0.5061852541490084,0.8321643788469659,1.010651414630331,0.93367963057659,1.0428136335132119,0.9855607089601593,0.1712134347721515,0.31795751759955687,0.22890538954043466,0.48392817175293346,2.8264612770155897,0.506012995461843,0.9983067860619961,0.9527089999689993,1.019605513806961,0.9679489821002456,0.7779287024727026,11.496653854063515,9.029879367908807,17.407731115651575,12.550888151802514,28.02295781095364,0.256136321770684,0.3101386518306988,0.3704168087457588,0.5061852541490084,0.9846425704845505,1.9333333333333333
59,39.52450632217602,37.115511582419515,47.051088810366,53.14278126589812,35.570787974892426,38.015874201636336,63.815360917622286,42.79324840363185,26.00855887674058,47.997536535954765,32.10248493691424,93.78822275473398,17.52233664959914,11.687104886677247,0.2676877519415782,0.3215987830711542,0.37606361352649814,0.5052070963295049,0.8220671250614403,1.003867366804383,0.924632380072607,1.0436351060049103,0.9868421152456975,0.17270930495333428,0.32543560214600925,0.2233102284100534,0.47880563879674815,2.7723208729426116,0.5298574556609414,0.99347341891323,0.9461444320725023,1.0213186101279803,0.9684455049254478,0.7772281958354501,12.416667524926174,9.136051085318318,17.737588944641374,12.21619726019984,27.81755966095759,0.2676877519415782,0.3215987830711542,0.37606361352649814,0.5052070963295049,0.9823454915097901,1.9666666666666666
60,39.4502122915986,37.77880806426731,47.087683301092085,53.18279758743223,35.59784846830337,38.02057748716459,63.77967065124936,42.76913043469867,26.20328387581654,47.580408989569236,31.821642346246676,93.78308612105506,17.453654480278857,11.641179416124487,0.2809554610379515,0.3342980616850817,0.3837776618239257,0.5060555041696724,0.8125727915149673,1.0022903093820286,0.9238297626889422,1.0464461936237401,0.9871511218821764,0.17267386757200753,0.3303380320369038,0.22087680625746883,0.4753773305318514,2.7530355906533233,0.5551870361474839,0.9931063110837359,0.9465443860903591,1.0247564608371087,0.9686267487309815,0.7766631300298478,13.185630161556931,9.168591799798543,17.94789009828551,12.0164725178877,27.63568447451826,0.2809554610379515,0.3342980616850817,0.3837776618239257,0.5060555041696724,0.9832584766855463,2.0
61,39.398855545373294,38.16872721332473,47.0907652155295,53.24842625804044,35.64211786590121,37.86256211422909,63.9491682065988,42.88412536663546,26.224506563842425,47.522187622961155,31.782474707822956,90.89863220762699,17.62638255559625,11.756555492531447,0.28993823982572037,0.3404057112962699,0.3870097406614298,0.5070237810123974,0.8071640914303361,1.0020748714664354,0.9220497321565937,1.0461712675517354,0.9861303638417288,0.1718220213637158,0.33289917938467617,0.22011135511894847,0.47500363311893445,2.7645094715091494,0.5718434617176198,0.9925032328417541,0.9446475909793571,1.0252339542466244,0.9681692887388927,0.7763730222893706,13.707418040654355,9.072598384732789,18.09507500660736,11.967307539013538,27.62954178389653,0.28993823982572037,0.3404057112962699,0.3870097406614298,0.5070237810123974,0.9826385167016571,2.033333333333333
62,39.2790087861172,38.988113787954404,47.02116727371654,53.507843618330284,35.817239422780204,37.562972260550225,64.7594652483307,43.43407807199145,26.19134240131666,47.55586801942417,31.805120493244317,86.63451237505852,17.952945536064334,11.974513978216578,0.30511402542325666,0.3494728947608085,0.39124490506058424,0.5079760764833975,0.795968256276071,1.000101464665205,0.9122880466992915,1.0445853723632048,0.9843105395588984,0.17472858287839205,0.3385721545025717,0.2195512894936996,0.4745296203865028,2.715809774286724,0.6006464350231354,0.9901119733473751,0.9355363571839672,1.0249575659160557,0.967297786109834,0.7756690871611944,14.602003683978474,9.07058714465174,18.37045398964068,11.950664352221915,27.65549171008007,0.30511402542325666,0.3494728947608085,0.39124490506058424,0.5079760764833975,0.979475920639308,2.0666666666666664
63,38.930457035794376,41.04724313572831,47.0132704934928,53.765551016576424,35.99135540110851,37.75863976221086,64.81270374573732,43.47040683878441,26.345377428629064,47.64228241900287,31.863292298541467,97.757764790489,17.2368249457746,11.496530071467703,0.3356236503248666,0.3727359695808507,0.40810466227617026,0.5153026098422339,0.7683865200786207,0.9959907905460814,0.9107774002689741,1.0425167436744083,0.9883274269784441,0.17190286337955762,0.3396408515593067,0.2118520979760745,0.4729469225340756,2.751245009673687,0.6513136890854966,0.9877275132320453,0.9349334579104867,1.0242475133197364,0.969191529909215,0.7738229630296115,16.208662368484124,8.99047076677528,18.48736861691604,11.58002056466596,27.573959374509503,0.3356236503248666,0.3727359695808507,0.40810466227617026,0.5153026098422339,0.9790250035928708,2.1
64,38.867622419131976,41.851114232244754,47.12574602663767,53.714200107178314,35.95653625125067,38.163507453146735,64.426537116532,43.20838637308995,26.633431043642616,47.52943127093644,31.787335003305543,118.52574703314656,15.159991265612263,10.110459904591409,0.3527626557729061,0.38866800062272605,0.42025460733795456,0.5229017209900256,0.7556902009826892,0.9955897567443275,0.9141071919808439,1.0417839705408078,0.9993998719621598,0.17033302836920794,0.338343123425029,0.19865657539494602,0.47673763829344956,2.798855952185211,0.6746251443937848,0.9882037705823961,0.9392888222760707,1.0251749093723368,0.9742521561519608,0.7729777765407161,17.147950852565774,8.992923504382233,18.476446192515777,10.914590050692404,27.65036687199477,0.3527626557729061,0.38866800062272605,0.42025460733795456,0.5229017209900256,0.981729914595691,2.1333333333333333
65,38.86758462100124,42.33932072072619,47.41731642813167,53.39774792812223,35.742998136581775,38.33183468358462,63.860228007471534,42.82375337676331,26.929888485302598,46.92687283679672,31.381696511992573,128.0997715617458,13.338123003711502,8.894793222653021,0.36561217249381567,0.40076966090294197,0.4313946176985815,0.5276742246490443,0.747893408201271,0.9979659463005874,0.9203803506445826,1.045797863194227,1.008673586449941,0.16761818909505474,0.3402488466179949,0.19017940697082844,0.4808142970662626,2.8685089069212424,0.6928747861585168,0.9911274779393386,0.9456431631073805,1.0300906626504525,0.9781652749867966,0.7724678229644237,17.759451169680347,8.891611033580906,18.552406865856046,10.419556370807841,27.72063544568008,0.36561217249381567,0.40076966090294197,0.4313946176985815,0.5276742246490443,0.986256644670992,2.1666666666666665
66,38.81402239097048,42.90708165437232,47.64131207994072,53.25583253821405,35.647218881626515,38.580170879760374,63.6104023163786,42.65432164186234,27.010038340431407,46.6473204000977,31.193589014370332,133.3293052983462,12.047257591444264,8.033685182607542,0.37853506196122916,0.41130565538654323,0.43933167180775523,0.5318541612951376,0.7397687937880211,0.9997643116150569,0.9225189179283004,1.0471890107050912,1.0149126085179696,0.16806600824995735,0.3412911499364511,0.18560310560892138,0.48600370968544937,2.8917428683449677,0.7117271658120956,0.9924345058912187,0.9484322786509459,1.0323547787761402,0.9806400589797288,0.7718954169785341,18.40847629647925,8.914055942428666,18.601876774083774,10.171460114104939,27.905447184477868,0.37853506196122916,0.41130565538654323,0.43933167180775523,0.5318541612951376,0.9884654055745085,2.2
67,38.814174663098896,43.56632770026786,47.99869492447331,52.94946439123892,35.44050331433854,39.115797284372064,63.01858952626456,42.25267162642558,27.10671051422517,46.103303772609394,30.827394022438654,135.67141816258018,11.032106574278487,7.356499254615244,0.39514087528628,0.4267428062656031,0.45077751805740723,0.5362617540782765,0.7293621797670685,1.0024822918748653,0.9284037737104562,1.0503476506242575,1.0196495597036512,0.16715340461196643,0.33980154165112425,0.1825891535727892,0.4886068444755985,2.923104177140868,0.7368432764648917,0.9952466253418029,0.9550103028368095,1.0367264476748863,0.9824095180610897,0.7711976764525689,19.223903961628228,8.908139040778346,18.48246931349142,9.977645804392917,27.948887593710666,0.39514087528628,0.4267428062656031,0.45077751805740723,0.5362617540782765,0.9923482234786472,2.2333333333333334
68,38.89122528577565,43.60254961363705,48.462261702373894,52.512278733655364,35.145491457535485,39.48905931317228,62.57947120863243,41.95479430963874,27.475295590653616,45.601986588532526,30.49047137641506,133.63111417239884,10.972989773080485,7.317074117732432,0.40095777264989496,0.43429816672153854,0.4584922939515435,0.5378663470559477,0.7269917475500006,1.0051206326812103,0.9329314144710855,1.0538548205478753,1.0202650627541598,0.16653545332857805,0.3398705170702427,0.1797338793241995,0.4852923559656714,2.914048132848312,0.7454598477669577,0.9992361993356123,0.9598632112643456,1.0407125325002224,0.9825068629267325,0.7711171110966412,19.451327227588997,8.888637942909845,18.43338015799284,9.76814242584469,27.713462306988028,0.40095777264989496,0.43429816672153854,0.4584922939515435,0.5378663470559477,0.9955797015067283,2.2666666666666666
69,38.890699653168184,43.88198205058174,48.655443978816606,52.14639403367613,34.89858174522385,39.70104195920078,62.31587551690423,41.77622298371011,27.650397510385545,45.28071894429422,30.274230754141826,130.3983715156795,11.210440161046336,7.4755364059362535,0.4091287680693999,0.4415340314214225,0.4646113356772151,0.5392966716189591,0.7225559549903354,1.0087203194822014,0.935852533697195,1.0560040581427372,1.0196693432058794,0.167993754148422,0.33981131453949087,0.1795298403326262,0.4846228756167678,2.884767051166286,0.7586339430852839,1.002554463479416,0.9627635037182654,1.0432505779850256,0.9821082793619859,0.770869635875981,19.720641057936202,8.935255835497001,18.398837195524866,9.71931779435076,27.63882829559637,0.4091287680693999,0.4415340314214225,0.4646113356772151,0.5392966716189591,0.9976692061361732,2.3
70,38.80595038695097,44.46318645376556,48.74768488234824,51.94759307606702,34.76452437033154,39.711576139822284,62.23996000649973,41.724586956052065,27.643021326159555,45.229815881313215,30.24000228909219,127.49100047480957,11.4952669279904,7.665357409148498,0.4205197308213152,0.4502440906601439,0.4723853837353138,0.543428097611323,0.7141792764009,1.0110697140182687,0.9367557628704828,1.055990590750766,1.018747673938257,0.1693926331740164,0.33917718298956,0.1793956729319623,0.484795750906012,2.861964615594216,0.7738277150766817,1.0043493285033422,0.9635971040073104,1.0436513292210448,0.9816199244549867,0.7703275868556978,20.18464138790147,8.97093697486228,18.370615780472363,9.70564090816403,27.632500213012346,0.4205197308213152,0.4502440906601439,0.4723853837353138,0.543428097611323,0.998304421546671,2.3333333333333335
71,38.67714475679071,45.335826452264456,48.90063572596728,51.76047782052959,34.63828595470025,39.72323417246943,62.21228980180081,41.70587705601574,27.636606498072894,45.14078530809118,30.180087972793416,123.6465046060494,11.820094793275757,7.881995547643271,0.43898086246037676,0.4642139782968008,0.4859056522590794,0.5515157160444905,0.7002463624419379,1.0134114767684164,0.9369572744790583,1.0561617709881703,1.0178335000126442,0.17083595801208448,0.338672197037453,0.1794670387152873,0.48541837443628316,2.8414295893587584,0.7959534818866877,1.0060345766406926,0.9639020192439179,1.0443501222093363,0.9810477388805858,0.769371283387481,21.040982001116337,8.992140349091406,18.336312542687775,9.700302211619515,27.651093804748545,0.43898086246037676,0.4642139782968008,0.4859056522590794,0.5515157160444905,0.9988336142436333,2.3666666666666667
72,38.59540863465591,45.51846944020099,49.094223570298055,51.594210441285725,34.5262298901161,39.68518127738952,62.10213338214611,41.63117540277963,27.68601805514021,45.08993395311742,30.14591867600248,119.56210221296521,12.01448721927315,8.01177471085586,0.44551883929306746,0.47047969267652234,0.49231767660152914,0.5556993150476645,0.6961665370032609,1.014607352907189,0.9384364516131872,1.05619672442623,1.017406940036648,0.1698636377181613,0.3382023509992262,0.17849408406415482,0.48405140505210764,2.8496468288214816,0.8017264358830264,1.007525557084662,0.9651095307177293,1.044748504174399,0.980698443344189,0.7691514032203279,21.365181826570552,8.924035123229555,18.32365083815402,9.641264783729865,27.56169751208785,0.44551883929306746,0.47047969267652234,0.49231767660152914,0.5556993150476645,0.9995205088302448,2.4
73,38.53342766266448,45.78979398793379,49.198164441733866,51.50472445234337,34.465821249659285,39.394049954711505,62.203116347496135,41.699584456527845,27.582514875901126,45.195117802460345,30.216643727668355,111.57313435256778,12.527678706491116,8.354103351644738,0.455527957189579,0.4795620107353869,0.5020635811783896,0.5631590276629841,0.689656531569282,1.0154835409856204,0.9374084687059068,1.0549298969799956,1.015418638384117,0.17076894117580504,0.33865781454012,0.17713025312487443,0.48202782899253577,2.8226901065656405,0.8088797776911187,1.0083283400923362,0.9640021001534349,1.0439224329839023,0.9797462287921299,0.7688252538327873,21.92903425525279,8.927920449049783,18.378400126258214,9.569808130910884,27.459980250963195,0.455527957189579,0.4795620107353869,0.5020635811783896,0.5631590276629841,0.9989997755054507,2.433333333333333
74,38.493570337050414,46.10528426825269,49.1813226511305,51.449737155909105,34.4286308302907,39.138026476932424,62.09958900299365,41.629304809348696,27.36690403520305,45.42985725791797,30.374330137821232,103.96988699853169,12.83959748635013,8.56220803121127,0.4652361622014565,0.48820641474737975,0.5094077071490015,0.5688239290793659,0.6829558601605508,1.0163441835990226,0.9386384789049225,1.0524021187484032,1.0143548841773196,0.17041776233409003,0.3354411712957258,0.174945028670358,0.48123085299583124,2.8238302050587643,0.8178913196839697,1.008820853879232,0.9651375072684885,1.0420755372343014,0.9791498988013982,0.7684253162818852,22.45938201005054,8.906199180280003,18.268667624180804,9.48009003104088,27.416261514419975,0.4652361622014565,0.48820641474737975,0.5094077071490015,0.5688239290793659,0.998795949295855,2.466666666666667
75,38.48190098390421,46.23124372245934,49.17156386920746,51.377274175047745,34.379943457486064,39.05584066189263,62.11651341170371,41.640915180643645,27.267392261613935,45.462398113148794,30.396379005359762,99.35170647331891,13.040888473191416,8.69639195186329,0.4698733529844075,0.4920781266324436,0.513300848091701,0.5714795877154645,0.6798292818567908,1.0172176485806925,0.9383147750149422,1.0519597667716003,1.0136764254067143,0.17189179205709337,0.334732126886939,0.17446690137484638,0.4808948839384198,2.7976603781179277,0.8222049481079707,1.009467754808327,0.9649514133142358,1.0418180807529571,0.9787566129534221,0.7682409788848376,22.68012309227259,8.965185734479583,18.234192536667276,9.455046346018422,27.393576141761667,0.4698733529844075,0.4920781266324436,0.513300848091701,0.5714795877154645,0.9987484654572355,2.5
76,38.39299842793642,46.41812601420207,49.20022561929105,51.262617562537855,34.30256363968181,38.89808516839716,62.22176499675783,41.71215135347333,27.156401138117417,45.63076438879568,30.50977110658053,92.18610214193637,13.478450597080638,8.988561681560753,0.47530162476336923,0.4963220508166598,0.5173774327272896,0.5739500644300233,0.6755997527059292,1.0182232825984079,0.9367574975861831,1.0501868669459449,1.011796778105368,0.17483817821900813,0.33378226986409115,0.17282566625140405,0.4791100195420274,2.740305332733592,0.8281236399095869,1.010491256155007,0.9637976971114122,1.0404856008773737,0.9778801179804506,0.767931467099306,22.909184535896564,9.085095721955138,18.21047201943795,9.376650118860395,27.30025779359745,0.47530162476336923,0.4963220508166598,0.5173774327272896,0.5739500644300233,0.9981636680310609,2.533333333333333
77,38.1614197258431,47.00723933082804,49.2314548485769,51.187800002041854,34.25223390477154,38.70718298617899,62.40774493854336,41.83838543822546,27.03215624379814,46.00357430694916,30.760522252167874,85.0197661999425,13.889488485677873,9.262643461235598,0.48685912287093536,0.5054816844506701,0.5259357601562277,0.5808055684157853,0.665725567688494,1.0189093996461904,0.934324334267236,1.046413380996186,1.0098662962909495,0.1778409806106978,0.33211023499740516,0.17041483811939337,0.47694464498035355,2.6818600331821565,0.8382480144197307,1.0111582992448997,0.9617531472842971,1.0375200337861215,0.977032892080958,0.767195483221055,23.476089031713457,9.196317636334319,18.191522433547206,9.287478865133446,27.18913538452769,0.48685912287093536,0.5054816844506701,0.5259357601562277,0.5808055684157853,0.996866093099069,2.5666666666666664
78,38.05019879629489,47.52296112335844,49.24530090218741,51.07385963690115,34.175339419015216,38.45599995184858,62.38175016824914,41.82077487742649,26.860606156006384,46.08426353188386,30.81477217863096,81.88652222617293,14.025191297704907,9.353222587586401,0.49876227429729697,0.5156443112073972,0.5347653510744759,0.5872066842969748,0.6562030160713993,1.0201850466108626,0.9346467030491635,1.0452975270612406,1.0092201831939092,0.17917839369948343,0.3313719214774725,0.170239705429088,0.4764157143403116,2.658890270835051,0.8493811108445098,1.0121735665137412,0.962039755379437,1.0368767550009925,0.9767488454853184,0.7664840697738212,24.05540295548739,9.248099319607622,18.18222400320055,9.291130542822192,27.14759211675743,0.49876227429729697,0.5156443112073972,0.5347653510744759,0.5872066842969748,0.9969597305948722,2.6
79,38.03061812403217,47.668429001842014,49.25536311559608,50.97541985002866,34.108919626723804,38.38996889073354,62.298105310335586,41.76403780501124,26.77101692015802,46.026787126672275,30.776262913898705,80.20862915877262,14.068766929315586,9.38237340983548,0.5043248571842864,0.5204679866769393,0.5393425044454505,0.5905462565079685,0.6526354149646016,1.0214877474288504,0.9355768404970327,1.0456938640136169,1.0091882420627907,0.1800275800796452,0.3312177681299857,0.17055430812007455,0.47732988996901854,2.6514263161432376,0.8539971985031274,1.0130469930075363,0.9629595012118645,1.0373355476424526,0.9766550613822417,0.766240891705341,24.317109391529563,9.282506585908838,18.171108234658337,9.302307008929116,27.18157913403598,0.5043248571842864,0.5204679866769393,0.5393425044454505,0.5905462565079685,0.9974992758110237,2.6333333333333333
80,37.988727124900635,47.70550252549725,49.29183718266734,50.82857766995568,34.01000391161091,38.267284063208194,62.262095227115736,41.73976988381756,26.65257041955354,46.00945798596828,30.764456187406864,77.45294667545153,14.166263110709139,9.447367579987258,0.5089834864737427,0.5241675237235773,0.5426604167136991,0.5932039222061991,0.6503910332164954,1.0234538314064243,0.9359792582492618,1.045737127032601,1.0089351014818817,0.18196607922664396,0.3312214135538954,0.17092873684049864,0.4785290454133288,2.6297704558419523,0.8580244648425877,1.014349437215196,0.9633541891633691,1.0374747786574159,0.9764486917543703,0.7660926337980244,24.50214232186139,9.351159361003628,18.174427863200023,9.321092601120167,27.224406256499137,0.5089834864737427,0.5241675237235773,0.5426604167136991,0.5932039222061991,0.9979067741975878,2.6666666666666665
81,37.949296608437066,47.72492472005817,49.3512298098282,50.767515144588344,33.968911976925426,38.07714064402791,62.17027225887321,41.67732293718896,26.58066629303542,45.96457637524003,30.73414627070568,75.12453715772514,14.2638277809545,9.51248855159892,0.5125641881392515,0.5276595353288299,0.5458892035259133,0.5952075377767734,0.6487891208818286,1.0243331099026098,0.9372117569223343,1.0460671575938556,1.0084023442035266,0.1815146325044434,0.33124741458238266,0.17057718516259954,0.47817686493803707,2.6343707501521894,0.8611520301679433,1.014889364816797,0.964362325036152,1.0378328347206551,0.9762379302282609,0.7660196405830715,24.708477109082327,9.322125064265256,18.179584874482998,9.291134352083626,27.19677448388741,0.5125641881392515,0.5276595353288299,0.5458892035259133,0.5952075377767734,0.9983306137004663,2.7
82,37.935222896456736,47.805050876226005,49.40542260730476,50.644479723049585,33.885850327415454,37.83792943651474,62.17339186518342,41.679505530308944,26.488750335778917,45.886998712917745,30.68205939468092,74.29642229422295,14.271814216131332,9.517816641785373,0.5174827001594591,0.5315555742773228,0.5494298825736201,0.597618441521179,0.6466607726016412,1.026327653665994,0.9376921893633977,1.0466861315158826,1.0081145191510246,0.1825577953631356,0.3324920354953746,0.17130235421369228,0.4787416155352814,2.6224111019684453,0.865908170743821,1.0159772125076831,0.9643273782720649,1.0384507184202239,0.9762229095213205,0.7659432503148463,24.92605439677257,9.331542613766272,18.243822815135736,9.319731335935318,27.201807032786842,0.5174827001594591,0.5315555742773228,0.5494298825736201,0.597618441521179,0.9987445546803231,2.7333333333333334
83,37.87897142560166,48.16688237009484,49.45377416501387,50.526813090695725,33.806430580497334,37.69336364964201,61.99045621916389,41.55550782813086,26.36262311069592,45.80880426369629,30.629397097369576,72.33038640430324,14.308650602262247,9.54225394211366,0.5269869086559275,0.5393431507087477,0.5562522355052195,0.6024882991868618,0.6403286342793185,1.0285623242273787,0.9404414093893976,1.0472455785462307,1.007928467230636,0.1818552875206974,0.33129838289155394,0.17270814312778995,0.48031305255760526,2.6411826276489947,0.874684040537096,1.0170153266833148,0.9663321626371685,1.0390714611925476,0.9761425237272089,0.7655283466317423,25.365458091772002,9.27744058915413,18.182215396679478,9.389158459415508,27.25960547387544,0.5269869086559275,0.5393431507087477,0.5562522355052195,0.6024882991868618,0.99964036856006,2.7666666666666666
84,37.81610314927599,48.66758906771685,49.50404349576482,50.33848217351249,33.67931629018585,37.67589393496948,61.84545904248165,41.4571922577004,26.32221446860413,45.66417373896425,30.53215586530368,69.60771812647441,14.481235404396642,9.657542556915303,0.5375237796028569,0.5475176915655547,0.5648579697539009,0.6080575095475013,0.6329239445475762,1.0313059433855678,0.9425679053219268,1.0485724482501422,1.0070272840467633,0.1824178442782574,0.33097870004431335,0.1738079223647948,0.481291551555972,2.638401561405372,0.8840015332807107,1.0186732699127563,0.9679172829303319,1.040220685462808,0.9757669092386136,0.7650562572521125,25.809285830814783,9.272120301985066,18.146061646193843,9.42077121185542,27.2818457809412,0.5375237796028569,0.5475176915655547,0.5648579697539009,0.6080575095475013,1.0006445368861274,2.8
85,37.64981113634377,49.558048154034594,49.57184666996048,49.92214916305275,33.39896431337931,37.65559866342579,61.71776248471397,41.370622366527556,26.25738006717853,45.572352681715415,30.470371874091114,67.70290271204941,14.55194186598834,9.704649305425733,0.557412455194987,0.561300396094751,0.5795651144629558,0.6186686410215458,0.6194258348324723,1.0375388700510282,0.9446869128504908,1.0494511589726838,1.006561580141326,0.18624511716602965,0.3306661439555044,0.17426236581421806,0.485475650069319,2.606648868920678,0.9009870700165387,1.0223179028461793,0.9693124340381214,1.0409486929867302,0.9756133189749359,0.7641312458620674,26.58412362991284,9.353929185081466,18.122947511577475,9.426399056956043,27.42429417355766,0.557412455194987,0.561300396094751,0.5795651144629558,0.6186686410215458,1.0020480872114916,2.8333333333333335
86,37.64074233523036,50.03166699552136,49.56641942668239,49.71501291175724,33.25926614932408,37.58233172079241,61.59134390848095,41.28497269160198,26.169447171263755,45.43459030147454,30.377798760559614,66.94644564665886,14.507270549715685,9.67486027572707,0.5712301375524027,0.5718884729175767,0.5908034837409551,0.6265958223217379,0.6102552884411423,1.0411104937805855,0.9464966424750365,1.050915589961427,1.006730213829521,0.1885618886767033,0.33103365643355465,0.1742969881455077,0.4884671240224889,2.590486876990907,0.9116404994840331,1.0241228114536352,0.9706908969878365,1.0420362976997615,0.9757117536302845,0.7635434990316788,27.21484774717595,9.424890517384346,18.121971029728453,9.402336684947867,27.53350307828618,0.5712301375524027,0.5718884729175767,0.5908034837409551,0.6265958223217379,1.0031404399428794,2.8666666666666667
87,37.762789378268536,50.13040255953388,49.564219930330665,49.74206292605098,33.27763485177991,37.49745739360043,61.58945902400633,41.28367879519914,26.06810978812905,45.420691925557975,30.36839348375858,65.04316424978877,14.597450168116666,9.73495484407286,0.5767755147362682,0.5769924665600452,0.5957760989850788,0.6294663063823535,0.6056906077978826,1.040986382208712,0.9463811981284592,1.051213803354511,1.0063951477444013,0.1896061093992279,0.33104997721985235,0.17346510164935303,0.48801480944958414,2.5738347000395994,0.9162928972134553,1.0238868448022085,0.9707108358789126,1.0421467564549096,0.9755129557198633,0.7632588784942602,27.569261615976867,9.49617769548464,18.1134780859797,9.345099716555268,27.512856163061826,0.5767755147362682,0.5769924665600452,0.5957760989850788,0.6294663063823535,1.0030643482139734,2.9
88,37.823807851918644,49.996832129504725,49.58052989016193,49.93220403451275,33.405701315951546,37.487324530945614,61.72172883976248,41.373241405194676,26.03584809116353,45.70899296391232,30.56229142212871,61.79933482164614,14.88277353275501,9.925398661377528,0.5758721818942654,0.576979045582577,0.5949261950003459,0.6295854397692564,0.6054934141935001,1.0387515267294658,0.9446413409900672,1.0485344429338594,1.0052421125234692,0.1893155306167242,0.3297882000462455,0.17184055346406066,0.4863018326272369,2.568736993503199,0.9146847057938251,1.0222296718995385,0.9692684879544976,1.0398640608463452,0.9748784061103364,0.7632531402162326,27.675607878081745,9.512233195173687,18.094342121390543,9.290911203067697,27.46437318729339,0.5758721818942654,0.576979045582577,0.5949261950003459,0.6295854397692564,1.0015601567026793,2.933333333333333
89,37.86552983854364,49.72188388391439,49.6354227363266,50.34226881659157,33.68211263427776,37.40760431643625,62.11524991189981,41.640042454654235,25.966587934035516,46.232747300192415,30.914701923084323,57.03293698025537,15.39570874579482,10.267709697094318,0.5711599821083228,0.5736059577329079,0.5906417021079143,0.6270911649622157,0.6067906865892567,1.0337886052601568,0.9395878255822528,1.0435451653299381,1.0028233228837042,0.18899791926419912,0.3284178873799808,0.1687174248416273,0.48177711236289184,2.549113179379962,0.910808515432763,1.0186387155861227,0.964965168422236,1.0356887125084193,0.9737097384071601,0.7632895087738388,27.711088182026117,9.536361935875743,18.101156634340875,9.180069632727365,27.312509780594283,0.5711599821083228,0.5736059577329079,0.5906417021079143,0.6270911649622157,0.9982505837309846,2.966666666666667
90,37.999247481938454,49.10079761113667,49.68311382390149,50.83243529748563,34.0124574077353,37.3382558463656,62.46403649575488,41.87655729718776,25.91467545850179,46.83171265750653,31.317723065169787,53.4124605605285,15.864434361108408,10.58067664704268,0.5622265274763184,0.5676772225400847,0.5829579493611933,0.6229216006801109,0.6126982154705566,1.0279163278221757,0.9349689110441742,1.037722049108095,1.000405936287807,0.18693446821523035,0.3259467183149588,0.16525773344849576,0.47670756369280226,2.5501318335932472,0.9025638504698446,1.0143144201783083,0.9611335932500358,1.0308626970597174,0.9726066367701593,0.7637206722059374,27.634740707927413,9.489932242851655,18.067661833792936,9.062424296812804,27.142627648776497,0.5622265274763184,0.5676772225400847,0.5829579493611933,0.6229216006801109,0.9947293368145551,3.0
